<?xml version="1.0" encoding="UTF-8"?>
<!DOCTYPE nmaprun>
<?xml-stylesheet href="file:///usr/bin/../share/nmap/nmap.xsl" type="text/xsl"?>
<!-- Nmap 7.98 scan initiated Sun Jan 11 20:49:33 2026 as: nmap -sS -sV -p- -&#45;min-rate 1000 -oA /home/samir/2026-op/recon/week2/day1/85.92.91.11-tcp 85.92.91.11 -->
<nmaprun scanner="nmap" args="nmap -sS -sV -p- -&#45;min-rate 1000 -oA /home/samir/2026-op/recon/week2/day1/85.92.91.11-tcp 85.92.91.11" start="1768153773" startstr="Sun Jan 11 20:49:33 2026" version="7.98" xmloutputversion="1.05">
<scaninfo type="syn" protocol="tcp" numservices="65535" services="1-65535"/>
<verbose level="0"/>
<debugging level="0"/>
<hosthint><status state="up" reason="unknown-response" reason_ttl="0"/>
<address addr="85.92.91.11" addrtype="ipv4"/>
<hostnames>
</hostnames>
</hosthint>
